{
  "imagen_info": {
    "ancho": 1019,
    "alto": 1080,
    "resolucion_total": 1100520,
    "canales": 3,
    "modo": "RGB",
    "formato": "JPEG",
    "brillo_promedio": 160.1375595173191,
    "desviacion_brillo": 98.57317257981079,
    "rango_dinamico": 255.0,
    "histogram": [
      1167.0,
      140.0,
      148.0,
      162.0,
      148.0,
      140.0,
      151.0,
      189.0,
      162.0,
      198.0,
      151.0,
      155.0,
      184.0,
      162.0,
      155.0,
      169.0,
      145.0,
      136.0,
      174.0,
      150.0,
      160.0,
      141.0,
      129.0,
      95.0,
      130.0,
      157.0,
      146.0,
      117.0,
      124.0,
      110.0,
      132.0,
      131.0,
      115.0,
      125.0,
      148.0,
      132.0,
      146.0,
      1141.0,
      154.0,
      183.0,
      214.0,
      212.0,
      227.0,
      317.0,
      337.0,
      424.0,
      557.0,
      554.0,
      705.0,
      1905.0,
      1018.0,
      1146.0,
      1391.0,
      1736.0,
      2325.0,
      2123.0,
      468501.0,
      4400.0,
      1843.0,
      2501.0,
      1132.0,
      935.0,
      778.0,
      636.0,
      529.0,
      468.0,
      383.0,
      308.0,
      329.0,
      269.0,
      1265.0,
      233.0,
      211.0,
      229.0,
      273.0,
      201.0,
      254.0,
      249.0,
      217.0,
      175.0,
      148.0,
      222.0,
      214.0,
      232.0,
      183.0,
      177.0,
      170.0,
      156.0,
      163.0,
      222.0,
      151.0,
      179.0,
      150.0,
      135.0,
      159.0,
      143.0,
      123.0,
      1201.0,
      138.0,
      139.0,
      157.0,
      141.0,
      148.0,
      170.0,
      138.0,
      141.0,
      174.0,
      166.0,
      145.0,
      141.0,
      140.0,
      144.0,
      162.0,
      135.0,
      148.0,
      151.0,
      151.0,
      123.0,
      127.0,
      136.0,
      144.0,
      143.0,
      123.0,
      118.0,
      101.0,
      127.0,
      114.0,
      132.0,
      154.0,
      133.0,
      132.0,
      115.0,
      132.0,
      154.0,
      127.0,
      132.0,
      161.0,
      148.0,
      154.0,
      190.0,
      135.0,
      146.0,
      145.0,
      135.0,
      152.0,
      153.0,
      168.0,
      138.0,
      134.0,
      146.0,
      125.0,
      143.0,
      151.0,
      153.0,
      132.0,
      147.0,
      143.0,
      122.0,
      158.0,
      146.0,
      158.0,
      160.0,
      174.0,
      156.0,
      177.0,
      140.0,
      128.0,
      140.0,
      116.0,
      160.0,
      138.0,
      145.0,
      161.0,
      138.0,
      159.0,
      152.0,
      158.0,
      142.0,
      171.0,
      150.0,
      143.0,
      173.0,
      154.0,
      131.0,
      164.0,
      137.0,
      166.0,
      125.0,
      162.0,
      158.0,
      142.0,
      135.0,
      142.0,
      152.0,
      157.0,
      165.0,
      171.0,
      143.0,
      157.0,
      160.0,
      166.0,
      167.0,
      178.0,
      192.0,
      169.0,
      139.0,
      171.0,
      178.0,
      189.0,
      172.0,
      190.0,
      189.0,
      183.0,
      177.0,
      207.0,
      208.0,
      217.0,
      207.0,
      191.0,
      203.0,
      210.0,
      241.0,
      215.0,
      227.0,
      210.0,
      231.0,
      254.0,
      248.0,
      282.0,
      243.0,
      247.0,
      267.0,
      322.0,
      299.0,
      319.0,
      303.0,
      368.0,
      1430.0,
      472.0,
      465.0,
      618.0,
      609.0,
      733.0,
      843.0,
      959.0,
      1173.0,
      1458.0,
      1633.0,
      2117.0,
      2215.0,
      2441.0,
      2999.0,
      5243.0,
      4301.0,
      20348.0,
      513863.0
    ],
    "histogram_analysis": {
      "picos_principales": [
        [
          56,
          468501
        ]
      ],
      "rango_fondo_sugerido": 255,
      "rango_texto_sugerido": 0,
      "distribucion": {
        "oscuras": 0.46379074454307556,
        "medias": 0.012355068698525429,
        "claras": 0.5238541960716248
      },
      "requiere_inversion": false,
      "bimodal": false
    },
    "variaciones_fondo": {
      "total_regiones_analizadas": 1638,
      "fondos_unicos_detectados": 2,
      "variacion_fondos": 99.38712418374291,
      "fondos_heterogeneos": false,
      "rango_fondos": [
        56,
        255
      ],
      "requiere_unificacion_avanzada": true,
      "regiones_variacion": [
        {
          "posicion": [
            0,
            0
          ],
          "media_local": 56.0,
          "std_local": 0.0,
          "pico_fondo": 56
        },
        {
          "posicion": [
            25,
            0
          ],
          "media_local": 56.0,
          "std_local": 0.0,
          "pico_fondo": 56
        },
        {
          "posicion": [
            50,
            0
          ],
          "media_local": 56.0,
          "std_local": 0.0,
          "pico_fondo": 56
        },
        {
          "posicion": [
            75,
            0
          ],
          "media_local": 56.0,
          "std_local": 0.0,
          "pico_fondo": 56
        },
        {
          "posicion": [
            100,
            0
          ],
          "media_local": 56.0,
          "std_local": 0.0,
          "pico_fondo": 56
        },
        {
          "posicion": [
            125,
            0
          ],
          "media_local": 56.0,
          "std_local": 0.0,
          "pico_fondo": 56
        },
        {
          "posicion": [
            150,
            0
          ],
          "media_local": 56.0,
          "std_local": 0.0,
          "pico_fondo": 56
        },
        {
          "posicion": [
            175,
            0
          ],
          "media_local": 56.0,
          "std_local": 0.0,
          "pico_fondo": 56
        },
        {
          "posicion": [
            200,
            0
          ],
          "media_local": 56.0,
          "std_local": 0.0,
          "pico_fondo": 56
        },
        {
          "posicion": [
            225,
            0
          ],
          "media_local": 56.0,
          "std_local": 0.0,
          "pico_fondo": 56
        }
      ]
    }
  },
  "calidad_imagen": {
    "contraste": 98.57317257981079,
    "blur_variance": 682.5306717903944,
    "entropy": 2.0730230808258057,
    "gradiente_promedio": 30.974132292355023,
    "brillo_promedio": 160.1375595173191,
    "uniformidad_brillo": 98.57317257981079,
    "calificacion_calidad": 85
  },
  "deteccion_texto": {
    "regiones_detectadas": 57,
    "area_total_texto": 126090,
    "densidad_texto": 0.11457311089303239,
    "regiones": [
      {
        "x": 485,
        "y": 1044,
        "width": 12,
        "height": 32,
        "area": 384,
        "aspect_ratio": 0.375
      },
      {
        "x": 190,
        "y": 1044,
        "width": 27,
        "height": 32,
        "area": 864,
        "aspect_ratio": 0.84375
      },
      {
        "x": 500,
        "y": 1043,
        "width": 77,
        "height": 33,
        "area": 2541,
        "aspect_ratio": 2.3333333333333335
      },
      {
        "x": 389,
        "y": 1043,
        "width": 96,
        "height": 33,
        "area": 3168,
        "aspect_ratio": 2.909090909090909
      },
      {
        "x": 42,
        "y": 1043,
        "width": 147,
        "height": 33,
        "area": 4851,
        "aspect_ratio": 4.454545454545454
      },
      {
        "x": 99,
        "y": 946,
        "width": 40,
        "height": 32,
        "area": 1280,
        "aspect_ratio": 1.25
      },
      {
        "x": 42,
        "y": 945,
        "width": 56,
        "height": 33,
        "area": 1848,
        "aspect_ratio": 1.696969696969697
      },
      {
        "x": 389,
        "y": 944,
        "width": 219,
        "height": 34,
        "area": 7446,
        "aspect_ratio": 6.4411764705882355
      },
      {
        "x": 390,
        "y": 846,
        "width": 83,
        "height": 40,
        "area": 3320,