{
  "imagen_info": {
    "ancho": 1080,
    "alto": 1258,
    "resolucion_total": 1358640,
    "canales": 3,
    "modo": "RGB",
    "formato": "JPEG",
    "brillo_promedio": 46.25193281516811,
    "desviacion_brillo": 40.84549837828445,
    "rango_dinamico": 255.0,
    "histogram": [
      43.0,
      16.0,
      26.0,
      20.0,
      28.0,
      35.0,
      43.0,
      47.0,
      53.0,
      79.0,
      86.0,
      129.0,
      162.0,
      158.0,
      179.0,
      194.0,
      250.0,
      358.0,
      442.0,
      1570.0,
      563.0,
      627.0,
      756.0,
      929.0,
      1127.0,
      1325.0,
      1573.0,
      1815.0,
      2391.0,
      2793.0,
      4023.0,
      4775.0,
      6411.0,
      1131553.0,
      6625.0,
      4731.0,
      3311.0,
      3611.0,
      2274.0,
      1880.0,
      1615.0,
      1257.0,
      1107.0,
      922.0,
      699.0,
      605.0,
      511.0,
      399.0,
      422.0,
      336.0,
      297.0,
      267.0,
      227.0,
      200.0,
      196.0,
      184.0,
      163.0,
      182.0,
      152.0,
      128.0,
      146.0,
      129.0,
      153.0,
      133.0,
      126.0,
      106.0,
      116.0,
      107.0,
      111.0,
      110.0,
      118.0,
      967.0,
      122.0,
      92.0,
      126.0,
      962.0,
      121.0,
      143.0,
      146.0,
      139.0,
      134.0,
      186.0,
      273.0,
      2049.0,
      1043.0,
      2620.0,
      348.0,
      241.0,
      178.0,
      134.0,
      104.0,
      85.0,
      74.0,
      84.0,
      83.0,
      96.0,
      90.0,
      81.0,
      85.0,
      85.0,
      81.0,
      98.0,
      91.0,
      106.0,
      85.0,
      91.0,
      92.0,
      112.0,
      159.0,
      151.0,
      178.0,
      216.0,
      245.0,
      306.0,
      418.0,
      584.0,
      609.0,
      98235.0,
      648.0,
      1315.0,
      393.0,
      302.0,
      242.0,
      196.0,
      139.0,
      142.0,
      135.0,
      127.0,
      114.0,
      95.0,
      108.0,
      82.0,
      121.0,
      100.0,
      118.0,
      121.0,
      115.0,
      118.0,
      108.0,
      134.0,
      88.0,
      94.0,
      89.0,
      84.0,
      71.0,
      98.0,
      83.0,
      93.0,
      93.0,
      99.0,
      98.0,
      90.0,
      118.0,
      98.0,
      121.0,
      106.0,
      124.0,
      124.0,
      90.0,
      105.0,
      100.0,
      122.0,
      77.0,
      136.0,
      99.0,
      93.0,
      106.0,
      137.0,
      175.0,
      156.0,
      123.0,
      126.0,
      135.0,
      112.0,
      144.0,
      150.0,
      125.0,
      120.0,
      109.0,
      124.0,
      167.0,
      123.0,
      131.0,
      105.0,
      129.0,
      150.0,
      136.0,
      121.0,
      122.0,
      120.0,
      120.0,
      94.0,
      116.0,
      120.0,
      100.0,
      122.0,
      144.0,
      142.0,
      119.0,
      134.0,
      147.0,
      169.0,
      192.0,
      182.0,
      232.0,
      228.0,
      412.0,
      3854.0,
      388.0,
      241.0,
      174.0,
      185.0,
      201.0,
      199.0,
      153.0,
      145.0,
      153.0,
      170.0,
      140.0,
      125.0,
      154.0,
      121.0,
      113.0,
      105.0,
      146.0,
      128.0,
      159.0,
      167.0,
      152.0,
      128.0,
      144.0,
      125.0,
      153.0,
      159.0,
      110.0,
      104.0,
      123.0,
      102.0,
      112.0,
      128.0,
      144.0,
      135.0,
      126.0,
      151.0,
      140.0,
      124.0,
      196.0,
      175.0,
      156.0,
      177.0,
      177.0,
      186.0,
      226.0,
      280.0,
      300.0,
      22718.0
    ],
    "histogram_analysis": {
      "picos_principales": [
        [
          33,
          1131553
        ],
        [
          117,
          98235
        ]
      ],
      "rango_fondo_sugerido": 117,
      "rango_texto_sugerido": 33,
      "distribucion": {
        "oscuras": 0.8867234587669373,
        "medias": 0.08428134024143219,
        "claras": 0.028995171189308167
      },
      "requiere_inversion": true,
      "bimodal": true
    },
    "variaciones_fondo": {
      "total_regiones_analizadas": 2058,
      "fondos_unicos_detectados": 6,
      "variacion_fondos": 28.644136017595418,
      "fondos_heterogeneos": true,
      "rango_fondos": [
        33,
        255
      ],
      "requiere_unificacion_avanzada": true,
      "regiones_variacion": [
        {
          "posicion": [
            0,
            0
          ],
          "media_local": 33.0,
          "std_local": 0.0,
          "pico_fondo": 33
        },
        {
          "posicion": [
            25,
            0
          ],
          "media_local": 33.0,
          "std_local": 0.0,
          "pico_fondo": 33
        },
        {
          "posicion": [
            50,
            0
          ],
          "media_local": 33.0,
          "std_local": 0.0,
          "pico_fondo": 33
        },
        {
          "posicion": [
            75,
            0
          ],
          "media_local": 33.0,
          "std_local": 0.0,
          "pico_fondo": 33
        },
        {
          "posicion": [
            100,
            0
          ],
          "media_local": 33.0,
          "std_local": 0.0,
          "pico_fondo": 33
        },
        {
          "posicion": [
            125,
            0
          ],
          "media_local": 33.0,
          "std_local": 0.0,
          "pico_fondo": 33
        },
        {
          "posicion": [
            150,
            0
          ],
          "media_local": 33.0,
          "std_local": 0.0,
          "pico_fondo": 33
        },
        {
          "posicion": [
            175,
            0
          ],
          "media_local": 33.0,
          "std_local": 0.0,
          "pico_fondo": 33
        },
        {
          "posicion": [
            200,
            0
          ],
          "media_local": 33.0,
          "std_local": 0.0,
          "pico_fondo": 33
        },
        {
          "posicion": [
            225,
            0
          ],
          "media_local": 33.0,
          "std_local": 0.0,
          "pico_fondo": 33
        }
      ]
    }
  },
  "calidad_imagen": {
    "contraste": 40.84549837828445,
    "blur_variance": 602.9909136434668,
    "entropy": 1.3894298076629639,
    "gradiente_promedio": 24.611075238651846,
    "brillo_promedio": 46.25193281516811,
    "uniformidad_brillo": 40.84549837828445,
    "calificacion_calidad": 65
  },
  "deteccion_texto": {
    "regiones_detectadas": 34,
    "area_total_texto": 250297,
    "densidad_texto": 0.1842261379026085,
    "regiones": [
      {
        "x": 964,
        "y": 1122,
        "width": 20,
        "height": 32,
        "area": 640,
        "aspect_ratio": 0.625
      },
      {
        "x": 941,
        "y": 1122,
        "width": 22,
        "height": 30,
        "area": 660,
        "aspect_ratio": 0.7333333333333333
      },
      {
        "x": 95,
        "y": 1121,
        "width": 161,
        "height": 39,
        "area": 6279,
        "aspect_ratio": 4.128205128205129
      },
      {
        "x": 623,
        "y": 1053,
        "width": 15,
        "height": 8,
        "area": 120,
        "aspect_ratio": 1.875
      },
      {
        "x": 965,
        "y": 1038,
        "width": 21,
        "height": 31,
        "area": 651,
        "aspect_ratio": 0.6774193548387096
      },
      {
        "x": 784,
        "y": 1038,
        "width": 29,
        "height": 30,
        "area": 870,
        "aspect_ratio": 0.9666666666666667
      },
      {
        "x": 527,
        "y": 1038,
        "width": 23,
        "height": 30,
        "area": 690,
        "aspect_ratio": 0.7666666666666667
      },
      {
        "x": 814,
        "y": 1037,
        "width": 150,
        "height": 32,
        "area": 4800,
        "aspect_ratio": 4.6875
      },
      {
        "x": 648,
        "y": 1037,
        "width": 126,
        "height": 32,
        "area": 4032,