{
  "imagen_info": {
    "ancho": 979,
    "alto": 1267,
    "resolucion_total": 1240393,
    "canales": 3,
    "modo": "RGB",
    "formato": "JPEG",
    "brillo_promedio": 246.3826706535751,
    "desviacion_brillo": 45.947246390237595,
    "rango_dinamico": 255.0,
    "histogram": [
      28918.0,
      6418.0,
      3606.0,
      1887.0,
      739.0,
      232.0,
      52.0,
      18.0,
      3.0,
      0.0,
      0.0,
      0.0,
      0.0,
      0.0,
      0.0,
      0.0,
      0.0,
      0.0,
      0.0,
      0.0,
      0.0,
      0.0,
      0.0,
      0.0,
      0.0,
      0.0,
      0.0,
      0.0,
      0.0,
      0.0,
      0.0,
      0.0,
      0.0,
      0.0,
      0.0,
      0.0,
      0.0,
      0.0,
      0.0,
      0.0,
      0.0,
      0.0,
      0.0,
      0.0,
      0.0,
      0.0,
      0.0,
      0.0,
      0.0,
      0.0,
      0.0,
      0.0,
      0.0,
      0.0,
      0.0,
      0.0,
      0.0,
      0.0,
      0.0,
      0.0,
      0.0,
      0.0,
      0.0,
      0.0,
      0.0,
      0.0,
      0.0,
      0.0,
      0.0,
      0.0,
      0.0,
      0.0,
      0.0,
      0.0,
      0.0,
      0.0,
      0.0,
      0.0,
      0.0,
      0.0,
      0.0,
      0.0,
      0.0,
      0.0,
      0.0,
      0.0,
      0.0,
      0.0,
      0.0,
      0.0,
      0.0,
      0.0,
      0.0,
      0.0,
      0.0,
      0.0,
      0.0,
      0.0,
      0.0,
      0.0,
      0.0,
      0.0,
      0.0,
      0.0,
      0.0,
      0.0,
      0.0,
      0.0,
      0.0,
      0.0,
      0.0,
      0.0,
      0.0,
      0.0,
      0.0,
      0.0,
      0.0,
      0.0,
      0.0,
      0.0,
      0.0,
      0.0,
      0.0,
      0.0,
      0.0,
      0.0,
      0.0,
      0.0,
      0.0,
      0.0,
      0.0,
      0.0,
      0.0,
      0.0,
      0.0,
      0.0,
      0.0,
      0.0,
      0.0,
      0.0,
      0.0,
      0.0,
      0.0,
      0.0,
      0.0,
      0.0,
      0.0,
      0.0,
      0.0,
      0.0,
      0.0,
      0.0,
      0.0,
      0.0,
      0.0,
      0.0,
      0.0,
      0.0,
      0.0,
      0.0,
      0.0,
      0.0,
      0.0,
      0.0,
      0.0,
      0.0,
      0.0,
      0.0,
      0.0,
      0.0,
      0.0,
      0.0,
      0.0,
      0.0,
      0.0,
      0.0,
      0.0,
      0.0,
      0.0,
      0.0,
      0.0,
      0.0,
      0.0,
      0.0,
      0.0,
      0.0,
      0.0,
      0.0,
      0.0,
      0.0,
      0.0,
      0.0,
      0.0,
      0.0,
      0.0,
      0.0,
      0.0,
      0.0,
      0.0,
      0.0,
      0.0,
      0.0,
      0.0,
      0.0,
      0.0,
      0.0,
      0.0,
      0.0,
      0.0,
      0.0,
      0.0,
      0.0,
      0.0,
      0.0,
      0.0,
      0.0,
      0.0,
      0.0,
      0.0,
      0.0,
      0.0,
      0.0,
      0.0,
      0.0,
      0.0,
      0.0,
      0.0,
      0.0,
      0.0,
      0.0,
      0.0,
      0.0,
      0.0,
      0.0,
      0.0,
      0.0,
      0.0,
      0.0,
      0.0,
      0.0,
      0.0,
      0.0,
      0.0,
      0.0,
      0.0,
      0.0,
      0.0,
      4.0,
      48.0,
      77.0,
      380.0,
      1073.0,
      2707.0,
      5565.0,
      8856.0,
      1179810.0
    ],
    "histogram_analysis": {
      "picos_principales": [],
      "rango_fondo_sugerido": 255,
      "rango_texto_sugerido": 0,
      "distribucion": {
        "oscuras": 0.03375785052776337,
        "medias": 0.0,
        "claras": 0.9662421345710754
      },
      "requiere_inversion": false,
      "bimodal": false
    },
    "variaciones_fondo": {
      "total_regiones_analizadas": 1862,
      "fondos_unicos_detectados": 1,
      "variacion_fondos": 0.0,
      "fondos_heterogeneos": false,
      "rango_fondos": [
        255,
        255
      ],
      "requiere_unificacion_avanzada": false,
      "regiones_variacion": [
        {
          "posicion": [
            0,
            0
          ],
          "media_local": 255.0,
          "std_local": 0.0,
          "pico_fondo": 255
        },
        {
          "posicion": [
            25,
            0
          ],
          "media_local": 255.0,
          "std_local": 0.0,
          "pico_fondo": 255
        },
        {
          "posicion": [
            50,
            0
          ],
          "media_local": 255.0,
          "std_local": 0.0,
          "pico_fondo": 255
        },
        {
          "posicion": [
            75,
            0
          ],
          "media_local": 255.0,
          "std_local": 0.0,
          "pico_fondo": 255
        },
        {
          "posicion": [
            100,
            0
          ],
          "media_local": 255.0,
          "std_local": 0.0,
          "pico_fondo": 255
        },
        {
          "posicion": [
            125,
            0
          ],
          "media_local": 255.0,
          "std_local": 0.0,
          "pico_fondo": 255
        },
        {
          "posicion": [
            150,
            0
          ],
          "media_local": 255.0,
          "std_local": 0.0,
          "pico_fondo": 255
        },
        {
          "posicion": [
            175,
            0
          ],
          "media_local": 255.0,
          "std_local": 0.0,
          "pico_fondo": 255
        },
        {
          "posicion": [
            200,
            0
          ],
          "media_local": 255.0,
          "std_local": 0.0,
          "pico_fondo": 255
        },
        {
          "posicion": [
            225,
            0
          ],
          "media_local": 255.0,
          "std_local": 0.0,
          "pico_fondo": 255
        }
      ]
    }
  },
  "calidad_imagen": {
    "contraste": 45.947246390237595,
    "blur_variance": 3631.0563942234435,
    "entropy": 0.4018159508705139,
    "gradiente_promedio": 30.730619939603635,
    "brillo_promedio": 246.3826706535751,
    "uniformidad_brillo": 45.947246390237595,
    "calificacion_calidad": 65
  },
  "deteccion_texto": {
    "regiones_detectadas": 25,
    "area_total_texto": 69497,
    "densidad_texto": 0.05602821041395751,
    "regiones": [
      {
        "x": 647,
        "y": 463,
        "width": 195,
        "height": 23,
        "area": 4485,
        "aspect_ratio": 8.478260869565217
      },
      {
        "x": 337,
        "y": 463,
        "width": 123,
        "height": 21,
        "area": 2583,
        "aspect_ratio": 5.857142857142857
      },
      {
        "x": 28,
        "y": 463,
        "width": 63,
        "height": 21,
        "area": 1323,
        "aspect_ratio": 3.0
      },
      {
        "x": 27,
        "y": 435,
        "width": 89,
        "height": 23,
        "area": 2047,
        "aspect_ratio": 3.869565217391304
      },
      {
        "x": 648,
        "y": 434,
        "width": 114,
        "height": 24,
        "area": 2736,
        "aspect_ratio": 4.75
      },
      {
        "x": 337,
        "y": 434,
        "width": 41,
        "height": 21,
        "area": 861,
        "aspect_ratio": 1.9523809523809523
      },
      {
        "x": 379,
        "y": 433,
        "width": 97,
        "height": 22,
        "area": 2134,
        "aspect_ratio": 4.409090909090909
      },
      {
        "x": 648,
        "y": 377,
        "width": 112,
        "height": 22,
        "area": 2464,
        "aspect_ratio": 5.090909090909091
      },
      {
        "x": 648,
        "y": 353,
        "width": 94,
        "height": 24,
        "area": 2256,
        "aspect_ratio": 3.9166666666666665
      },
      {
        "x": 648,
        "y": 327,
        "width": 74,
        "height": 21,
        "area": 1554,
        "aspect_ratio": 3.5238095238095237
      },
      {
        "x": 648,
        "y": 276,
        "width": 119,
        "height": 21,
        "area": 2499,
        "aspect_ratio": 5.666666666666667
      },
      {
        "x": 337,
        "y": 276,
        "width": 63,
        "height": 22,
        "area": 1386,
        "aspect_ratio": 2.8636363636363638
      },
      {
        "x": 338,
        "y": 247,
        "width": 26,
        "height": 21,