{
  "imagen_info": {
    "ancho": 816,
    "alto": 1056,
    "resolucion_total": 861696,
    "canales": 1,
    "modo": "L",
    "formato": "PNG",
    "brillo_promedio": 251.48201337826796,
    "desviacion_brillo": 24.55698914606474,
    "rango_dinamico": 255.0,
    "histogram": [
      3371.0,
      63.0,
      75.0,
      66.0,
      70.0,
      72.0,
      62.0,
      79.0,
      73.0,
      78.0,
      76.0,
      65.0,
      79.0,
      66.0,
      68.0,
      78.0,
      80.0,
      71.0,
      73.0,
      84.0,
      65.0,
      56.0,
      63.0,
      70.0,
      75.0,
      62.0,
      59.0,
      59.0,
      57.0,
      75.0,
      72.0,
      77.0,
      74.0,
      71.0,
      42.0,
      58.0,
      70.0,
      76.0,
      52.0,
      63.0,
      84.0,
      67.0,
      72.0,
      60.0,
      61.0,
      57.0,
      64.0,
      63.0,
      69.0,
      63.0,
      54.0,
      47.0,
      64.0,
      67.0,
      59.0,
      55.0,
      61.0,
      72.0,
      67.0,
      57.0,
      55.0,
      53.0,
      58.0,
      42.0,
      51.0,
      54.0,
      66.0,
      53.0,
      61.0,
      47.0,
      63.0,
      60.0,
      46.0,
      46.0,
      53.0,
      33.0,
      51.0,
      39.0,
      45.0,
      36.0,
      40.0,
      43.0,
      28.0,
      43.0,
      35.0,
      48.0,
      42.0,
      43.0,
      51.0,
      35.0,
      43.0,
      33.0,
      35.0,
      31.0,
      38.0,
      28.0,
      34.0,
      36.0,
      35.0,
      24.0,
      38.0,
      25.0,
      31.0,
      33.0,
      19.0,
      29.0,
      35.0,
      40.0,
      25.0,
      42.0,
      30.0,
      38.0,
      37.0,
      29.0,
      29.0,
      36.0,
      42.0,
      34.0,
      40.0,
      29.0,
      34.0,
      42.0,
      38.0,
      33.0,
      46.0,
      33.0,
      40.0,
      34.0,
      35.0,
      40.0,
      38.0,
      24.0,
      40.0,
      31.0,
      40.0,
      42.0,
      34.0,
      34.0,
      43.0,
      42.0,
      33.0,
      35.0,
      47.0,
      31.0,
      39.0,
      47.0,
      32.0,
      31.0,
      35.0,
      31.0,
      25.0,
      36.0,
      49.0,
      35.0,
      39.0,
      33.0,
      35.0,
      31.0,
      36.0,
      38.0,
      34.0,
      35.0,
      39.0,
      26.0,
      38.0,
      42.0,
      30.0,
      35.0,
      43.0,
      32.0,
      38.0,
      41.0,
      41.0,
      36.0,
      41.0,
      43.0,
      47.0,
      37.0,
      43.0,
      37.0,
      34.0,
      27.0,
      31.0,
      31.0,
      24.0,
      29.0,
      27.0,
      37.0,
      26.0,
      34.0,
      32.0,
      42.0,
      34.0,
      33.0,
      39.0,
      29.0,
      40.0,
      36.0,
      43.0,
      36.0,
      36.0,
      32.0,
      45.0,
      32.0,
      32.0,
      39.0,
      31.0,
      44.0,
      40.0,
      38.0,
      43.0,
      56.0,
      47.0,
      35.0,
      59.0,
      45.0,
      49.0,
      54.0,
      55.0,
      47.0,
      56.0,
      64.0,
      51.0,
      60.0,
      65.0,
      50.0,
      62.0,
      68.0,
      73.0,
      83.0,
      860.0,
      76.0,
      946.0,
      93.0,
      102.0,
      962.0,
      982.0,
      277.0,
      20368.0,
      1095.0,
      1880.0,
      201.0,
      962.0,
      982.0,
      173.0,
      151.0,
      184.0,
      128.0,
      202.0,
      162.0,
      364.0,
      510.0,
      1168.0,
      2080.0,
      9085.0,
      803603.0
    ],
    "histogram_analysis": {
      "picos_principales": [
        [
          238,
          20368
        ]
      ],
      "rango_fondo_sugerido": 255,
      "rango_texto_sugerido": 0,
      "distribucion": {
        "oscuras": 0.009874711744487286,
        "medias": 0.003562741447240114,
        "claras": 0.9865625500679016
      },
      "requiere_inversion": false,
      "bimodal": false
    },
    "variaciones_fondo": {
      "total_regiones_analizadas": 1271,
      "fondos_unicos_detectados": 2,
      "variacion_fondos": 2.622376596237192,
      "fondos_heterogeneos": false,
      "rango_fondos": [
        238,
        255
      ],
      "requiere_unificacion_avanzada": false,
      "regiones_variacion": [
        {
          "posicion": [
            0,
            0
          ],
          "media_local": 254.9996,
          "std_local": 0.01999599959991998,
          "pico_fondo": 255
        },
        {
          "posicion": [
            25,
            0
          ],
          "media_local": 254.984,
          "std_local": 0.14051334456200237,
          "pico_fondo": 255
        },
        {
          "posicion": [
            50,
            0
          ],
          "media_local": 254.96,
          "std_local": 0.23323807579381203,
          "pico_fondo": 255
        },
        {
          "posicion": [
            75,
            0
          ],
          "media_local": 254.9756,
          "std_local": 0.18922114046797203,
          "pico_fondo": 255
        },
        {
          "posicion": [
            100,
            0
          ],
          "media_local": 255.0,
          "std_local": 0.0,
          "pico_fondo": 255
        },
        {
          "posicion": [
            125,
            0
          ],
          "media_local": 255.0,
          "std_local": 0.0,
          "pico_fondo": 255
        },
        {
          "posicion": [
            150,
            0
          ],
          "media_local": 254.984,
          "std_local": 0.1488086019019062,
          "pico_fondo": 255
        },
        {
          "posicion": [
            175,
            0
          ],
          "media_local": 254.802,
          "std_local": 5.079487769450774,
          "pico_fondo": 255
        },
        {
          "posicion": [
            200,
            0
          ],
          "media_local": 252.8648,
          "std_local": 21.631794214997516,
          "pico_fondo": 255
        },
        {
          "posicion": [
            225,
            0
          ],
          "media_local": 253.0276,
          "std_local": 21.043166069771914,
          "pico_fondo": 255
        }
      ]
    }
  },
  "calidad_imagen": {
    "contraste": 24.55698914606474,
    "blur_variance": 2525.122607044712,
    "entropy": 0.6639775037765503,
    "gradiente_promedio": 20.299895296739408,
    "brillo_promedio": 251.48201337826796,
    "uniformidad_brillo": 24.55698914606474,
    "calificacion_calidad": 50
  },
  "deteccion_texto": {
    "regiones_detectadas": 31,
    "area_total_texto": 46540,
    "densidad_texto": 0.05400976678550208,
    "regiones": [
      {
        "x": 23,
        "y": 385,
        "width": 51,
        "height": 17,
        "area": 867,
        "aspect_ratio": 3.0
      },
      {
        "x": 636,
        "y": 383,
        "width": 64,
        "height": 19,
        "area": 1216,
        "aspect_ratio": 3.3684210526315788
      },
      {
        "x": 280,
        "y": 383,
        "width": 102,
        "height": 19,
        "area": 1938,
        "aspect_ratio": 5.368421052631579
      },
      {
        "x": 537,
        "y": 382,
        "width": 98,
        "height": 21,
        "area": 2058,
        "aspect_ratio": 4.666666666666667
      },
      {
        "x": 539,
        "y": 362,
        "width": 95,
        "height": 19,
        "area": 1805,
        "aspect_ratio": 5.0
      },
      {
        "x": 281,
        "y": 362,
        "width": 33,
        "height": 16,
        "area": 528,
        "aspect_ratio": 2.0625
      },
      {
        "x": 22,
        "y": 362,
        "width": 72,
        "height": 18,
        "area": 1296,
        "aspect_ratio": 4.0
      },
      {
        "x": 315,
        "y": 361,
        "width": 80,
        "height": 17,
        "area": 1360,
        "aspect_ratio": 4.705882352941177
      },
      {
        "x": 536,
        "y": 313,
        "width": 96,
        "height": 18,
        "area": 1728,
        "aspect_ratio": 5.333333333333333
      },
      {
        "x": 539,
        "y": 293,
        "width": 78,
        "height": 20,
        "area": 1560,