{
  "imagen_info": {
    "ancho": 720,
    "alto": 1280,
    "resolucion_total": 921600,
    "canales": 3,
    "modo": "RGB",
    "formato": "JPEG",
    "brillo_promedio": 171.92734917534722,
    "desviacion_brillo": 14.534011411158696,
    "rango_dinamico": 182.0,
    "histogram": [
      0.0,
      0.0,
      0.0,
      0.0,
      0.0,
      0.0,
      0.0,
      0.0,
      0.0,
      0.0,
      0.0,
      0.0,
      0.0,
      0.0,
      0.0,
      0.0,
      0.0,
      0.0,
      0.0,
      0.0,
      0.0,
      0.0,
      0.0,
      0.0,
      0.0,
      0.0,
      0.0,
      0.0,
      0.0,
      0.0,
      0.0,
      0.0,
      0.0,
      0.0,
      0.0,
      0.0,
      0.0,
      0.0,
      0.0,
      0.0,
      0.0,
      0.0,
      0.0,
      1.0,
      0.0,
      3.0,
      2.0,
      2.0,
      2.0,
      3.0,
      4.0,
      7.0,
      5.0,
      7.0,
      8.0,
      20.0,
      16.0,
      20.0,
      21.0,
      29.0,
      29.0,
      28.0,
      44.0,
      40.0,
      40.0,
      47.0,
      57.0,
      70.0,
      45.0,
      70.0,
      84.0,
      77.0,
      82.0,
      101.0,
      103.0,
      114.0,
      112.0,
      111.0,
      130.0,
      150.0,
      137.0,
      168.0,
      151.0,
      148.0,
      199.0,
      217.0,
      222.0,
      222.0,
      260.0,
      241.0,
      272.0,
      281.0,
      272.0,
      290.0,
      296.0,
      318.0,
      313.0,
      329.0,
      372.0,
      387.0,
      381.0,
      391.0,
      417.0,
      408.0,
      397.0,
      454.0,
      458.0,
      403.0,
      487.0,
      444.0,
      504.0,
      494.0,
      449.0,
      504.0,
      503.0,
      482.0,
      557.0,
      523.0,
      564.0,
      578.0,
      527.0,
      544.0,
      543.0,
      643.0,
      621.0,
      618.0,
      638.0,
      632.0,
      607.0,
      612.0,
      622.0,
      628.0,
      656.0,
      673.0,
      720.0,
      925.0,
      965.0,
      1069.0,
      1303.0,
      1344.0,
      1527.0,
      1505.0,
      1451.0,
      1483.0,
      1449.0,
      1350.0,
      1593.0,
      1540.0,
      1677.0,
      1717.0,
      1765.0,
      1924.0,
      2028.0,
      2207.0,
      2359.0,
      2637.0,
      3267.0,
      3936.0,
      5268.0,
      6863.0,
      8919.0,
      10173.0,
      11917.0,
      14245.0,
      18397.0,
      22222.0,
      27037.0,
      30031.0,
      35617.0,
      43664.0,
      46380.0,
      48224.0,
      47963.0,
      38979.0,
      36756.0,
      39087.0,
      32886.0,
      29539.0,
      33373.0,
      23481.0,
      21340.0,
      22889.0,
      19654.0,
      18583.0,
      25693.0,
      19883.0,
      20440.0,
      22131.0,
      20487.0,
      19324.0,
      16949.0,
      7815.0,
      3985.0,
      2156.0,
      1031.0,
      454.0,
      290.0,
      188.0,
      146.0,
      80.0,
      47.0,
      27.0,
      31.0,
      20.0,
      18.0,
      15.0,
      19.0,
      15.0,
      13.0,
      14.0,
      12.0,
      8.0,
      11.0,
      5.0,
      8.0,
      10.0,
      24.0,
      16.0,
      23.0,
      29.0,
      52.0,
      38.0,
      57.0,
      40.0,
      19.0,
      8.0,
      0.0,
      0.0,
      0.0,
      0.0,
      0.0,
      0.0,
      0.0,
      0.0,
      0.0,
      0.0,
      0.0,
      0.0,
      0.0,
      0.0,
      0.0,
      0.0,
      0.0,
      0.0,
      0.0,
      0.0,
      0.0,
      0.0,
      0.0,
      0.0,
      0.0,
      0.0,
      0.0,
      0.0,
      0.0,
      0.0
    ],
    "histogram_analysis": {
      "picos_principales": [
        [
          171,
          48224
        ],
        [
          175,
          39087
        ],
        [
          178,
          33373
        ]
      ],
      "rango_fondo_sugerido": 175,
      "rango_texto_sugerido": 171,
      "distribucion": {
        "oscuras": 0.002698567695915699,
        "medias": 0.37405380606651306,
        "claras": 0.6232476234436035
      },
      "requiere_inversion": false,
      "bimodal": false
    },
    "variaciones_fondo": {
      "total_regiones_analizadas": 1350,
      "fondos_unicos_detectados": 36,
      "variacion_fondos": 7.932757491982961,
      "fondos_heterogeneos": false,
      "rango_fondos": [
        145,
        193
      ],
      "requiere_unificacion_avanzada": false,
      "regiones_variacion": [
        {
          "posicion": [
            0,
            0
          ],
          "media_local": 187.8452,
          "std_local": 2.866572336432486,
          "pico_fondo": 189
        },
        {
          "posicion": [
            25,
            0
          ],
          "media_local": 187.9016,
          "std_local": 2.7773219906953535,
          "pico_fondo": 189
        },
        {
          "posicion": [
            50,
            0
          ],
          "media_local": 187.3116,
          "std_local": 3.7894729765496415,
          "pico_fondo": 188
        },
        {
          "posicion": [
            75,
            0
          ],
          "media_local": 186.8884,
          "std_local": 4.05728301206608,
          "pico_fondo": 188
        },
        {
          "posicion": [
            100,
            0
          ],
          "media_local": 187.306,
          "std_local": 3.4914128945170604,
          "pico_fondo": 189
        },
        {
          "posicion": [
            125,
            0
          ],
          "media_local": 187.6012,
          "std_local": 2.728325229880045,
          "pico_fondo": 189
        },
        {
          "posicion": [
            150,
            0
          ],
          "media_local": 187.5456,
          "std_local": 2.7146861034012755,
          "pico_fondo": 189
        },
        {
          "posicion": [
            175,
            0
          ],
          "media_local": 188.2624,
          "std_local": 2.766504335799964,
          "pico_fondo": 190
        },
        {
          "posicion": [
            200,
            0
          ],
          "media_local": 188.6376,
          "std_local": 2.7768806672235664,
          "pico_fondo": 190
        },
        {
          "posicion": [
            225,
            0
          ],
          "media_local": 187.8924,
          "std_local": 3.6071071844346405,
          "pico_fondo": 190
        }
      ]
    }
  },
  "calidad_imagen": {
    "contraste": 14.534011411158696,
    "blur_variance": 152.05569661062262,
    "entropy": 5.422525405883789,
    "gradiente_promedio": 19.655950523248805,
    "brillo_promedio": 171.92734917534722,
    "uniformidad_brillo": 14.534011411158696,
    "calificacion_calidad": 40
  },
  "deteccion_texto": {
    "regiones_detectadas": 49,
    "area_total_texto": 177017,
    "densidad_texto": 0.19207573784722223,
    "regiones": [
      {
        "x": 618,
        "y": 1269,
        "width": 21,
        "height": 11,
        "area": 231,
        "aspect_ratio": 1.9090909090909092
      },
      {
        "x": 652,
        "y": 1268,
        "width": 20,
        "height": 12,
        "area": 240,
        "aspect_ratio": 1.6666666666666667
      },
      {
        "x": 420,
        "y": 1260,
        "width": 12,
        "height": 14,
        "area": 168,
        "aspect_ratio": 0.8571428571428571
      },
      {
        "x": 49,
        "y": 1256,
        "width": 11,
        "height": 12,
        "area": 132,
        "aspect_ratio": 0.9166666666666666
      },
      {
        "x": 556,
        "y": 1254,
        "width": 59,
        "height": 26,
        "area": 1534,
        "aspect_ratio": 2.269230769230769
      },
      {
        "x": 332,
        "y": 1254,
        "width": 11,
        "height": 12,
        "area": 132,
        "aspect_ratio": 0.9166666666666666
      },
      {
        "x": 296,
        "y": 1254,
        "width": 24,
        "height": 20,
        "area": 480,
        "aspect_ratio": 1.2
      },
      {
        "x": 500,
        "y": 1253,
        "width": 16,
        "height": 24,
        "area": 384,