{
  "imagen_info": {
    "ancho": 288,
    "alto": 645,
    "resolucion_total": 185760,
    "canales": 3,
    "modo": "RGB",
    "formato": "JPEG",
    "brillo_promedio": 210.91189168819983,
    "desviacion_brillo": 84.66307149338816,
    "rango_dinamico": 255.0,
    "histogram": [
      18.0,
      11.0,
      16.0,
      23.0,
      37.0,
      57.0,
      57.0,
      61.0,
      67.0,
      78.0,
      69.0,
      96.0,
      85.0,
      99.0,
      114.0,
      98.0,
      121.0,
      237.0,
      194.0,
      155.0,
      228.0,
      294.0,
      472.0,
      648.0,
      1194.0,
      19945.0,
      2619.0,
      661.0,
      413.0,
      220.0,
      109.0,
      80.0,
      46.0,
      47.0,
      39.0,
      27.0,
      28.0,
      30.0,
      36.0,
      31.0,
      29.0,
      32.0,
      33.0,
      23.0,
      23.0,
      43.0,
      31.0,
      38.0,
      41.0,
      58.0,
      97.0,
      47.0,
      38.0,
      43.0,
      22.0,
      33.0,
      31.0,
      23.0,
      35.0,
      35.0,
      37.0,
      36.0,
      30.0,
      51.0,
      51.0,
      37.0,
      58.0,
      53.0,
      54.0,
      51.0,
      66.0,
      45.0,
      48.0,
      50.0,
      49.0,
      39.0,
      44.0,
      59.0,
      75.0,
      49.0,
      44.0,
      57.0,
      61.0,
      68.0,
      77.0,
      66.0,
      52.0,
      52.0,
      48.0,
      49.0,
      48.0,
      50.0,
      36.0,
      45.0,
      49.0,
      38.0,
      38.0,
      47.0,
      50.0,
      42.0,
      56.0,
      55.0,
      49.0,
      198.0,
      57.0,
      55.0,
      40.0,
      45.0,
      38.0,
      40.0,
      44.0,
      28.0,
      37.0,
      39.0,
      43.0,
      32.0,
      40.0,
      56.0,
      36.0,
      34.0,
      40.0,
      41.0,
      35.0,
      29.0,
      35.0,
      36.0,
      53.0,
      51.0,
      46.0,
      52.0,
      43.0,
      29.0,
      29.0,
      39.0,
      36.0,
      35.0,
      47.0,
      43.0,
      36.0,
      33.0,
      42.0,
      40.0,
      39.0,
      41.0,
      45.0,
      36.0,
      30.0,
      39.0,
      34.0,
      50.0,
      47.0,
      32.0,
      44.0,
      44.0,
      36.0,
      42.0,
      30.0,
      24.0,
      42.0,
      38.0,
      43.0,
      36.0,
      41.0,
      34.0,
      34.0,
      33.0,
      39.0,
      44.0,
      39.0,
      48.0,
      48.0,
      43.0,
      39.0,
      45.0,
      34.0,
      28.0,
      30.0,
      35.0,
      39.0,
      33.0,
      27.0,
      30.0,
      23.0,
      257.0,
      32.0,
      36.0,
      32.0,
      31.0,
      40.0,
      44.0,
      33.0,
      43.0,
      38.0,
      40.0,
      36.0,
      40.0,
      27.0,
      52.0,
      261.0,
      43.0,
      37.0,
      1094.0,
      46.0,
      46.0,
      41.0,
      31.0,
      33.0,
      42.0,
      48.0,
      46.0,
      32.0,
      41.0,
      47.0,
      40.0,
      46.0,
      74.0,
      46.0,
      47.0,
      45.0,
      54.0,
      51.0,
      49.0,
      46.0,
      39.0,
      49.0,
      54.0,
      53.0,
      1097.0,
      1115.0,
      59.0,
      78.0,
      51.0,
      68.0,
      286.0,
      70.0,
      284.0,
      308.0,
      66.0,
      101.0,
      1141.0,
      1143.0,
      6647.0,
      1603.0,
      1429.0,
      610.0,
      1251.0,
      481.0,
      816.0,
      1004.0,
      928.0,
      1585.0,
      4577.0,
      3449.0,
      8205.0,
      98833.0,
      10069.0
    ],
    "histogram_analysis": {
      "picos_principales": [
        [
          254,
          98833
        ],
        [
          25,
          19945
        ],
        [
          241,
          6647
        ]
      ],
      "rango_fondo_sugerido": 254,
      "rango_texto_sugerido": 25,
      "distribucion": {
        "oscuras": 0.16636520624160767,
        "medias": 0.020101206377148628,
        "claras": 0.81353360414505
      },
      "requiere_inversion": false,
      "bimodal": true
    }
  },
  "calidad_imagen": {
    "contraste": 84.66307149338816,
    "blur_variance": 5297.800396751622,
    "entropy": 3.2840139865875244,
    "gradiente_promedio": 53.97179673146332,
    "brillo_promedio": 210.91189168819983,
    "uniformidad_brillo": 84.66307149338816,
    "calificacion_calidad": 85
  },
  "deteccion_texto": {
    "regiones_detectadas": 13,
    "area_total_texto": 6315,
    "densidad_texto": 0.03399547803617571,
    "regiones": [
      {
        "x": 208,
        "y": 618,
        "width": 16,
        "height": 17,
        "area": 272,
        "aspect_ratio": 0.9411764705882353
      },
      {
        "x": 63,
        "y": 617,
        "width": 18,
        "height": 17,
        "area": 306,
        "aspect_ratio": 1.0588235294117647
      },
      {
        "x": 135,
        "y": 616,
        "width": 18,
        "height": 19,
        "area": 342,
        "aspect_ratio": 0.9473684210526315
      },
      {
        "x": 242,
        "y": 592,
        "width": 34,
        "height": 12,
        "area": 408,
        "aspect_ratio": 2.8333333333333335
      },
      {
        "x": 186,
        "y": 592,
        "width": 30,
        "height": 12,
        "area": 360,
        "aspect_ratio": 2.5
      },
      {
        "x": 66,
        "y": 592,
        "width": 41,
        "height": 12,
        "area": 492,
        "aspect_ratio": 3.4166666666666665
      },
      {
        "x": 8,
        "y": 592,
        "width": 40,
        "height": 12,
        "area": 480,
        "aspect_ratio": 3.3333333333333335
      },
      {
        "x": 192,
        "y": 568,
        "width": 19,
        "height": 15,
        "area": 285,
        "aspect_ratio": 1.2666666666666666
      },
      {
        "x": 250,
        "y": 567,
        "width": 18,
        "height": 17,
        "area": 306,
        "aspect_ratio": 1.0588235294117647
      },
      {
        "x": 77,
        "y": 567,
        "width": 19,
        "height": 16,
        "area": 304,
        "aspect_ratio": 1.1875
      },
      {
        "x": 20,
        "y": 567,
        "width": 18,
        "height": 17,
        "area": 306,
        "aspect_ratio": 1.0588235294117647
      },
      {
        "x": 216,
        "y": 7,
        "width": 65,
        "height": 15,
        "area": 975,
        "aspect_ratio": 4.333333333333333
      },
      {
        "x": 8,
        "y": 6,
        "width": 87,
        "height": 17,
        "area": 1479,
        "aspect_ratio": 5.117647058823529
      }
    ],
    "cobertura_texto_porcentaje": 3.3995478036175713
  },
  "ruido_artefactos": {
    "nivel_ruido": 5.917877906976744,
    "desviacion_ruido": 17.748459588426535,
    "porcentaje_pixeles_ruidosos": 4.861649440137812,
    "uniformidad": 6.0878014642549525,
    "calificacion_ruido": "Bajo"
  },
  "geometria_orientacion": {
    "sesgo_estimado": -87.5,
    "lineas_detectadas": 22,
    "simetria_horizontal": 0.8976952433586121,
    "relacion_aspecto": 0.44651162790697674,
    "requiere_deskew": true,
    "orientacion_correcta": false
  },
  "deteccion_inteligente": {
    "tipo_imagen": "documento_escaneado",
    "esquema_color": "texto_oscuro_fondo_claro",
    "inversion_requerida": false,
    "ui_elements_detectados": false,
    "aspect_ratio": 0.44651162790697674,
    "calidad_digital": false,
    "dark_percentage": 17.741172790527344,
    "light_percentage": 82.25882720947266,
    "edge_density": 0.05857558139534884,
    "noise_estimate": 90.02096850339134,
    "confianza_deteccion": 0.2
  },
  "recomendaciones": {
    "perfil_recomendado": "ultra_rapido",
    "aplicar_deskew": true,
    "nivel_denoise": "moderado",
    "ajuste_contraste": false,
    "filtro_bilateral": true,
    "prioridades": [
      "Corrección de sesgo necesaria"
    ]
  },
  "puntuacion_general": {
    "total": 64.1,
    "calidad": 85,
    "texto": 17.0,
    "ruido": 100,
    "geometria": 50,
    "categoria": "Buena"
  }
}