{
  "imagen_info": {
    "ancho": 485,
    "alto": 1080,
    "resolucion_total": 523800,
    "canales": 1,
    "modo": "L",
    "formato": "PNG",
    "brillo_promedio": 51.83571401298205,
    "desviacion_brillo": 39.7819118578913,
    "rango_dinamico": 254.0,
    "histogram": [
      0.0,
      48.0,
      24.0,
      24.0,
      2625.0,
      36.0,
      56.0,
      66.0,
      25223.0,
      163.0,
      174.0,
      159.0,
      189.0,
      166.0,
      247.0,
      240.0,
      228.0,
      306.0,
      307.0,
      352.0,
      480.0,
      505.0,
      490.0,
      405.0,
      484.0,
      564.0,
      539.0,
      522.0,
      769.0,
      687.0,
      798.0,
      703.0,
      4079.0,
      2395.0,
      2795.0,
      5091.0,
      39245.0,
      63320.0,
      53816.0,
      34246.0,
      27342.0,
      25233.0,
      22991.0,
      20021.0,
      18151.0,
      15886.0,
      13967.0,
      12257.0,
      10655.0,
      9647.0,
      7246.0,
      7003.0,
      7025.0,
      3747.0,
      4729.0,
      3219.0,
      2691.0,
      2250.0,
      2270.0,
      1422.0,
      545.0,
      517.0,
      488.0,
      519.0,
      388.0,
      413.0,
      423.0,
      350.0,
      372.0,
      313.0,
      306.0,
      271.0,
      302.0,
      256.0,
      248.0,
      237.0,
      224.0,
      226.0,
      191.0,
      186.0,
      173.0,
      169.0,
      179.0,
      182.0,
      170.0,
      171.0,
      180.0,
      175.0,
      138.0,
      186.0,
      205.0,
      216.0,
      195.0,
      191.0,
      186.0,
      175.0,
      175.0,
      197.0,
      155.0,
      153.0,
      156.0,
      154.0,
      159.0,
      176.0,
      134.0,
      237.0,
      301.0,
      201.0,
      215.0,
      243.0,
      183.0,
      162.0,
      267.0,
      337.0,
      301.0,
      209.0,
      174.0,
      278.0,
      215.0,
      210.0,
      227.0,
      219.0,
      627.0,
      795.0,
      1105.0,
      1189.0,
      1243.0,
      1529.0,
      2208.0,
      2413.0,
      2876.0,
      2171.0,
      1594.0,
      1450.0,
      1020.0,
      573.0,
      363.0,
      184.0,
      178.0,
      130.0,
      130.0,
      129.0,
      117.0,
      131.0,
      131.0,
      117.0,
      114.0,
      100.0,
      132.0,
      109.0,
      113.0,
      113.0,
      121.0,
      105.0,
      126.0,
      93.0,
      320.0,
      430.0,
      624.0,
      606.0,
      533.0,
      902.0,
      1326.0,
      897.0,
      793.0,
      441.0,
      635.0,
      741.0,
      671.0,
      677.0,
      642.0,
      479.0,
      501.0,
      357.0,
      196.0,
      130.0,
      112.0,
      114.0,
      118.0,
      108.0,
      104.0,
      105.0,
      113.0,
      120.0,
      153.0,
      107.0,
      107.0,
      123.0,
      117.0,
      124.0,
      136.0,
      109.0,
      109.0,
      107.0,
      119.0,
      145.0,
      119.0,
      97.0,
      146.0,
      290.0,
      187.0,
      156.0,
      146.0,
      143.0,
      145.0,
      145.0,
      149.0,
      152.0,
      157.0,
      125.0,
      289.0,
      297.0,
      142.0,
      212.0,
      121.0,
      130.0,
      131.0,
      146.0,
      104.0,
      141.0,
      104.0,
      119.0,
      129.0,
      115.0,
      122.0,
      120.0,
      113.0,
      135.0,
      100.0,
      133.0,
      130.0,
      125.0,
      105.0,
      130.0,
      125.0,
      129.0,
      114.0,
      119.0,
      105.0,
      126.0,
      118.0,
      116.0,
      132.0,
      133.0,
      107.0,
      132.0,
      113.0,
      130.0,
      101.0,
      159.0,
      111.0,
      182.0,
      56.0,
      44.0,
      9.0,
      2687.0
    ],
    "histogram_analysis": {
      "picos_principales": [
        [
          37,
          63320
        ],
        [
          8,
          25223
        ],
        [
          52,
          7025
        ]
      ],
      "rango_fondo_sugerido": 37,
      "rango_texto_sugerido": 8,
      "distribucion": {
        "oscuras": 0.8934058547019958,
        "medias": 0.07869988679885864,
        "claras": 0.027894234284758568
      },
      "requiere_inversion": true,
      "bimodal": true
    }
  },
  "calidad_imagen": {
    "contraste": 39.7819118578913,
    "blur_variance": 1253.0226422298588,
    "entropy": 5.235111713409424,
    "gradiente_promedio": 43.87264711449186,
    "brillo_promedio": 51.83571401298205,
    "uniformidad_brillo": 39.7819118578913,
    "calificacion_calidad": 80
  },
  "deteccion_texto": {
    "regiones_detectadas": 29,
    "area_total_texto": 113444,
    "densidad_texto": 0.21657884688812523,
    "regiones": [
      {
        "x": 370,
        "y": 1037,
        "width": 16,
        "height": 25,
        "area": 400,
        "aspect_ratio": 0.64
      },
      {
        "x": 230,
        "y": 1037,
        "width": 25,
        "height": 25,
        "area": 625,
        "aspect_ratio": 1.0
      },
      {
        "x": 91,
        "y": 1026,
        "width": 36,
        "height": 54,
        "area": 1944,
        "aspect_ratio": 0.6666666666666666
      },
      {
        "x": 133,
        "y": 974,
        "width": 51,
        "height": 32,
        "area": 1632,
        "aspect_ratio": 1.59375
      },
      {
        "x": 186,
        "y": 968,
        "width": 179,
        "height": 35,
        "area": 6265,
        "aspect_ratio": 5.114285714285714
      },
      {
        "x": 155,
        "y": 908,
        "width": 33,
        "height": 11,
        "area": 363,
        "aspect_ratio": 3.0
      },
      {
        "x": 228,
        "y": 893,
        "width": 30,
        "height": 30,
        "area": 900,
        "aspect_ratio": 1.0
      },
      {
        "x": 36,
        "y": 616,
        "width": 85,
        "height": 26,
        "area": 2210,
        "aspect_ratio": 3.269230769230769
      },
      {
        "x": 304,
        "y": 613,
        "width": 147,
        "height": 30,
        "area": 4410,
        "aspect_ratio": 4.9
      },
      {
        "x": 36,
        "y": 577,
        "width": 60,
        "height": 26,
        "area": 1560,
        "aspect_ratio": 2.3076923076923075
      },
      {
        "x": 217,
        "y": 573,
        "width": 233,
        "height": 32,
        "area": 7456,
        "aspect_ratio": 7.28125
      },
      {
        "x": 39,
        "y": 536,
        "width": 73,
        "height": 26,
        "area": 1898,
        "aspect_ratio": 2.8076923076923075
      },
      {
        "x": 326,
        "y": 533,
        "width": 124,
        "height": 30,
        "area": 3720,
        "aspect_ratio": 4.133333333333334
      },
      {
        "x": 326,
        "y": 493,
        "width": 120,
        "height": 30,
        "area": 3600,
        "aspect_ratio": 4.0
      },
      {
        "x": 38,
        "y": 493,
        "width": 69,
        "height": 31,
        "area": 2139,
        "aspect_ratio": 2.225806451612903
      },
      {
        "x": 357,
        "y": 459,
        "width": 94,
        "height": 25,
        "area": 2350,
        "aspect_ratio": 3.76
      },
      {
        "x": 39,
        "y": 449,
        "width": 113,
        "height": 34,
        "area": 3842,
        "aspect_ratio": 3.323529411764706
      },
      {
        "x": 33,
        "y": 418,
        "width": 97,
        "height": 31,
        "area": 3007,
        "aspect_ratio": 3.129032258064516
      },
      {
        "x": 284,
        "y": 413,
        "width": 172,
        "height": 38,
        "area": 6536,
        "aspect_ratio": 4.526315789473684
      },
      {
        "x": 39,
        "y": 383,
        "width": 54,
        "height": 19,
        "area": 1026,
        "aspect_ratio": 2.8421052631578947
      }
    ],
    "cobertura_texto_porcentaje": 21.657884688812523
  },
  "ruido_artefactos": {
    "nivel_ruido": 3.5120580374188624,
    "desviacion_ruido": 10.928166458679062,
    "porcentaje_pixeles_ruidosos": 5.677930507827416,
    "uniformidad": 3.5292115311187477,
    "calificacion_ruido": "Moderado"
  },