{
  "imagen_info": {
    "ancho": 720,
    "alto": 879,
    "resolucion_total": 632880,
    "canales": 3,
    "modo": "RGB",
    "formato": "JPEG",
    "brillo_promedio": 49.93417709518392,
    "desviacion_brillo": 46.757898388750995,
    "rango_dinamico": 255.0,
    "histogram": [
      54.0,
      13.0,
      18.0,
      24.0,
      17.0,
      33.0,
      36.0,
      34.0,
      35.0,
      67.0,
      79.0,
      86.0,
      115.0,
      114.0,
      150.0,
      167.0,
      205.0,
      294.0,
      321.0,
      422.0,
      422.0,
      528.0,
      645.0,
      1428.0,
      829.0,
      1058.0,
      1266.0,
      1541.0,
      1871.0,
      2321.0,
      3841.0,
      3694.0,
      4281.0,
      489311.0,
      6317.0,
      2967.0,
      2703.0,
      2262.0,
      1789.0,
      1547.0,
      1284.0,
      1002.0,
      858.0,
      737.0,
      568.0,
      471.0,
      372.0,
      335.0,
      322.0,
      263.0,
      237.0,
      209.0,
      219.0,
      178.0,
      170.0,
      160.0,
      125.0,
      133.0,
      112.0,
      111.0,
      121.0,
      123.0,
      124.0,
      104.0,
      117.0,
      93.0,
      83.0,
      83.0,
      84.0,
      92.0,
      651.0,
      87.0,
      106.0,
      79.0,
      86.0,
      92.0,
      79.0,
      100.0,
      95.0,
      95.0,
      91.0,
      709.0,
      184.0,
      706.0,
      535.0,
      977.0,
      214.0,
      151.0,
      130.0,
      115.0,
      68.0,
      69.0,
      75.0,
      66.0,
      66.0,
      60.0,
      79.0,
      87.0,
      68.0,
      105.0,
      76.0,
      85.0,
      68.0,
      89.0,
      78.0,
      95.0,
      101.0,
      102.0,
      124.0,
      133.0,
      148.0,
      157.0,
      155.0,
      222.0,
      850.0,
      933.0,
      2214.0,
      45314.0,
      1611.0,
      1493.0,
      272.0,
      210.0,
      193.0,
      189.0,
      147.0,
      121.0,
      120.0,
      90.0,
      95.0,
      86.0,
      87.0,
      68.0,
      73.0,
      77.0,
      94.0,
      91.0,
      85.0,
      111.0,
      77.0,
      94.0,
      76.0,
      79.0,
      78.0,
      72.0,
      99.0,
      93.0,
      71.0,
      89.0,
      81.0,
      100.0,
      94.0,
      89.0,
      85.0,
      62.0,
      73.0,
      89.0,
      108.0,
      75.0,
      80.0,
      65.0,
      89.0,
      91.0,
      80.0,
      71.0,
      67.0,
      75.0,
      76.0,
      82.0,
      115.0,
      89.0,
      93.0,
      100.0,
      94.0,
      85.0,
      91.0,
      91.0,
      85.0,
      92.0,
      99.0,
      106.0,
      72.0,
      107.0,
      99.0,
      100.0,
      74.0,
      79.0,
      89.0,
      89.0,
      86.0,
      105.0,
      98.0,
      90.0,
      105.0,
      83.0,
      102.0,
      96.0,
      106.0,
      96.0,
      98.0,
      108.0,
      118.0,
      107.0,
      131.0,
      129.0,
      142.0,
      195.0,
      287.0,
      1355.0,
      215.0,
      168.0,
      121.0,
      155.0,
      115.0,
      131.0,
      124.0,
      111.0,
      93.0,
      113.0,
      111.0,
      114.0,
      121.0,
      107.0,
      115.0,
      108.0,
      120.0,
      124.0,
      127.0,
      116.0,
      127.0,
      107.0,
      100.0,
      118.0,
      109.0,
      89.0,
      98.0,
      110.0,
      112.0,
      86.0,
      119.0,
      110.0,
      134.0,
      115.0,
      102.0,
      129.0,
      133.0,
      125.0,
      137.0,
      149.0,
      128.0,
      156.0,
      150.0,
      170.0,
      192.0,
      194.0,
      241.0,
      14808.0
    ],
    "histogram_analysis": {
      "picos_principales": [
        [
          33,
          489311
        ],
        [
          117,
          45314
        ]
      ],
      "rango_fondo_sugerido": 117,
      "rango_texto_sugerido": 33,
      "distribucion": {
        "oscuras": 0.8619169592857361,
        "medias": 0.09692832827568054,
        "claras": 0.04115471988916397
      },
      "requiere_inversion": true,
      "bimodal": true
    },
    "variaciones_fondo": {
      "total_regiones_analizadas": 918,
      "fondos_unicos_detectados": 6,
      "variacion_fondos": 26.061556943316145,
      "fondos_heterogeneos": true,
      "rango_fondos": [
        33,
        255
      ],
      "requiere_unificacion_avanzada": true,
      "regiones_variacion": [
        {
          "posicion": [
            0,
            0
          ],
          "media_local": 33.0,
          "std_local": 0.0,
          "pico_fondo": 33
        },
        {
          "posicion": [
            25,
            0
          ],
          "media_local": 33.0,
          "std_local": 0.0,
          "pico_fondo": 33
        },
        {
          "posicion": [
            50,
            0
          ],
          "media_local": 33.0,
          "std_local": 0.0,
          "pico_fondo": 33
        },
        {
          "posicion": [
            75,
            0
          ],
          "media_local": 33.0,
          "std_local": 0.0,
          "pico_fondo": 33
        },
        {
          "posicion": [
            100,
            0
          ],
          "media_local": 33.0,
          "std_local": 0.0,
          "pico_fondo": 33
        },
        {
          "posicion": [
            125,
            0
          ],
          "media_local": 33.0,
          "std_local": 0.0,
          "pico_fondo": 33
        },
        {
          "posicion": [
            150,
            0
          ],
          "media_local": 33.0,
          "std_local": 0.0,
          "pico_fondo": 33
        },
        {
          "posicion": [
            175,
            0
          ],
          "media_local": 33.0,
          "std_local": 0.0,
          "pico_fondo": 33
        },
        {
          "posicion": [
            200,
            0
          ],
          "media_local": 33.0,
          "std_local": 0.0,
          "pico_fondo": 33
        },
        {
          "posicion": [
            225,
            0
          ],
          "media_local": 33.0,
          "std_local": 0.0,
          "pico_fondo": 33
        }
      ]
    }
  },
  "calidad_imagen": {
    "contraste": 46.757898388750995,
    "blur_variance": 1110.718221248074,
    "entropy": 1.933966875076294,
    "gradiente_promedio": 42.52235298532598,
    "brillo_promedio": 49.93417709518392,
    "uniformidad_brillo": 46.757898388750995,
    "calificacion_calidad": 65
  },
  "deteccion_texto": {
    "regiones_detectadas": 26,
    "area_total_texto": 155378,
    "densidad_texto": 0.24550941726709644,
    "regiones": [
      {
        "x": 330,
        "y": 790,
        "width": 14,
        "height": 8,
        "area": 112,
        "aspect_ratio": 1.75
      },
      {
        "x": 639,
        "y": 778,
        "width": 19,
        "height": 28,
        "area": 532,
        "aspect_ratio": 0.6785714285714286
      },
      {
        "x": 244,
        "y": 778,
        "width": 21,
        "height": 27,
        "area": 567,
        "aspect_ratio": 0.7777777777777778
      },
      {
        "x": 475,
        "y": 777,
        "width": 163,
        "height": 32,
        "area": 5216,
        "aspect_ratio": 5.09375
      },
      {
        "x": 352,
        "y": 777,
        "width": 115,
        "height": 29,
        "area": 3335,
        "aspect_ratio": 3.9655172413793105
      },
      {
        "x": 266,
        "y": 777,
        "width": 57,
        "height": 29,
        "area": 1653,
        "aspect_ratio": 1.9655172413793103
      },
      {
        "x": 64,
        "y": 777,
        "width": 98,
        "height": 29,
        "area": 2842,
        "aspect_ratio": 3.3793103448275863
      },
      {
        "x": 561,
        "y": 710,
        "width": 96,
        "height": 28,
        "area": 2688,
        "aspect_ratio": 3.4285714285714284
      },
      {
        "x": 443,
        "y": 710,
        "width": 58,
        "height": 28,
        "area": 1624,
        "aspect_ratio": 2.0714285714285716
      },
      {
        "x": 501,
        "y": 709,