{
  "imagen_info": {
    "ancho": 243,
    "alto": 540,
    "resolucion_total": 131220,
    "canales": 1,
    "modo": "L",
    "formato": "PNG",
    "brillo_promedio": 40.82880658436214,
    "desviacion_brillo": 37.11509698980526,
    "rango_dinamico": 255.0,
    "histogram": [
      3938.0,
      3164.0,
      136.0,
      93.0,
      74.0,
      57.0,
      63.0,
      70.0,
      68.0,
      74.0,
      73.0,
      74.0,
      124.0,
      106.0,
      120.0,
      161.0,
      157.0,
      169.0,
      161.0,
      185.0,
      426.0,
      223.0,
      248.0,
      302.0,
      421.0,
      1937.0,
      1917.0,
      437.0,
      718.0,
      1046.0,
      966.0,
      1866.0,
      3077.0,
      89110.0,
      2708.0,
      1170.0,
      969.0,
      715.0,
      278.0,
      180.0,
      140.0,
      104.0,
      73.0,
      50.0,
      53.0,
      51.0,
      24.0,
      41.0,
      34.0,
      37.0,
      47.0,
      41.0,
      42.0,
      37.0,
      47.0,
      41.0,
      229.0,
      42.0,
      36.0,
      37.0,
      43.0,
      30.0,
      34.0,
      34.0,
      38.0,
      36.0,
      41.0,
      40.0,
      36.0,
      36.0,
      27.0,
      34.0,
      35.0,
      39.0,
      37.0,
      37.0,
      49.0,
      26.0,
      36.0,
      40.0,
      40.0,
      61.0,
      245.0,
      55.0,
      61.0,
      80.0,
      71.0,
      48.0,
      36.0,
      49.0,
      39.0,
      30.0,
      30.0,
      17.0,
      19.0,
      38.0,
      29.0,
      34.0,
      39.0,
      44.0,
      47.0,
      35.0,
      38.0,
      31.0,
      43.0,
      23.0,
      48.0,
      39.0,
      37.0,
      38.0,
      44.0,
      39.0,
      53.0,
      63.0,
      84.0,
      305.0,
      209.0,
      3552.0,
      491.0,
      84.0,
      256.0,
      61.0,
      44.0,
      50.0,
      35.0,
      231.0,
      30.0,
      42.0,
      34.0,
      24.0,
      24.0,
      29.0,
      35.0,
      29.0,
      20.0,
      31.0,
      30.0,
      19.0,
      22.0,
      26.0,
      22.0,
      22.0,
      33.0,
      29.0,
      17.0,
      26.0,
      26.0,
      36.0,
      26.0,
      29.0,
      18.0,
      16.0,
      21.0,
      22.0,
      25.0,
      26.0,
      19.0,
      23.0,
      20.0,
      23.0,
      37.0,
      23.0,
      22.0,
      26.0,
      26.0,
      31.0,
      35.0,
      19.0,
      27.0,
      34.0,
      24.0,
      25.0,
      32.0,
      20.0,
      23.0,
      31.0,
      34.0,
      27.0,
      14.0,
      26.0,
      20.0,
      25.0,
      24.0,
      28.0,
      34.0,
      30.0,
      35.0,
      50.0,
      34.0,
      36.0,
      40.0,
      45.0,
      34.0,
      38.0,
      31.0,
      42.0,
      38.0,
      31.0,
      27.0,
      19.0,
      34.0,
      44.0,
      41.0,
      39.0,
      54.0,
      53.0,
      52.0,
      63.0,
      55.0,
      36.0,
      41.0,
      34.0,
      32.0,
      34.0,
      28.0,
      35.0,
      32.0,
      22.0,
      26.0,
      23.0,
      22.0,
      25.0,
      20.0,
      18.0,
      35.0,
      28.0,
      20.0,
      32.0,
      23.0,
      15.0,
      27.0,
      24.0,
      24.0,
      32.0,
      22.0,
      21.0,
      20.0,
      23.0,
      19.0,
      15.0,
      18.0,
      24.0,
      20.0,
      15.0,
      24.0,
      23.0,
      24.0,
      27.0,
      29.0,
      32.0,
      33.0,
      55.0,
      79.0,
      137.0,
      132.0,
      474.0
    ],
    "histogram_analysis": {
      "picos_principales": [
        [
          33,
          89110
        ],
        [
          117,
          3552
        ],
        [
          25,
          1937
        ]
      ],
      "rango_fondo_sugerido": 117,
      "rango_texto_sugerido": 33,
      "distribucion": {
        "oscuras": 0.9158436059951782,
        "medias": 0.05914494767785072,
        "claras": 0.02501143142580986
      },
      "requiere_inversion": true,
      "bimodal": true
    },
    "variaciones_fondo": {
      "total_regiones_analizadas": 160,
      "fondos_unicos_detectados": 2,
      "variacion_fondos": 13.114495796636637,
      "fondos_heterogeneos": false,
      "rango_fondos": [
        33,
        117
      ],
      "requiere_unificacion_avanzada": false,
      "regiones_variacion": [
        {
          "posicion": [
            0,
            0
          ],
          "media_local": 40.0396,
          "std_local": 40.88624746586559,
          "pico_fondo": 33
        },
        {
          "posicion": [
            25,
            0
          ],
          "media_local": 47.5184,
          "std_local": 53.76565503590559,
          "pico_fondo": 33
        },
        {
          "posicion": [
            50,
            0
          ],
          "media_local": 49.6568,
          "std_local": 58.17962369902369,
          "pico_fondo": 33
        },
        {
          "posicion": [
            75,
            0
          ],
          "media_local": 46.1908,
          "std_local": 54.25332427934716,
          "pico_fondo": 33
        },
        {
          "posicion": [
            100,
            0
          ],
          "media_local": 45.2164,
          "std_local": 52.808794447894755,
          "pico_fondo": 33
        },
        {
          "posicion": [
            125,
            0
          ],
          "media_local": 46.99,
          "std_local": 55.1947271032297,
          "pico_fondo": 33
        },
        {
          "posicion": [
            150,
            0
          ],
          "media_local": 49.9028,
          "std_local": 57.552464344804555,
          "pico_fondo": 33
        },
        {
          "posicion": [
            175,
            0
          ],
          "media_local": 45.2616,
          "std_local": 48.617860560086356,
          "pico_fondo": 33
        },
        {
          "posicion": [
            0,
            25
          ],
          "media_local": 37.0044,
          "std_local": 28.060327521965952,
          "pico_fondo": 33
        },
        {
          "posicion": [
            25,
            25
          ],
          "media_local": 42.8888,
          "std_local": 42.10194810884646,
          "pico_fondo": 33
        }
      ]
    }
  },
  "calidad_imagen": {
    "contraste": 37.11509698980526,
    "blur_variance": 5166.004909312605,
    "entropy": 2.7545175552368164,
    "gradiente_promedio": 45.51764266328379,
    "brillo_promedio": 40.82880658436214,
    "uniformidad_brillo": 37.11509698980526,
    "calificacion_calidad": 70
  },
  "deteccion_texto": {
    "regiones_detectadas": 29,
    "area_total_texto": 28065,
    "densidad_texto": 0.2138774577046182,
    "regiones": [
      {
        "x": 184,
        "y": 518,
        "width": 11,
        "height": 14,
        "area": 154,
        "aspect_ratio": 0.7857142857142857
      },
      {
        "x": 46,
        "y": 518,
        "width": 15,
        "height": 14,
        "area": 210,
        "aspect_ratio": 1.0714285714285714
      },
      {
        "x": 113,
        "y": 517,
        "width": 16,
        "height": 16,
        "area": 256,
        "aspect_ratio": 1.0
      },
      {
        "x": 97,
        "y": 488,
        "width": 87,
        "height": 12,
        "area": 1044,
        "aspect_ratio": 7.25
      },
      {
        "x": 66,
        "y": 486,
        "width": 27,
        "height": 17,
        "area": 459,
        "aspect_ratio": 1.588235294117647
      },
      {
        "x": 113,
        "y": 446,
        "width": 17,
        "height": 16,
        "area": 272,
        "aspect_ratio": 1.0625
      },
      {
        "x": 158,
        "y": 308,
        "width": 67,
        "height": 12,
        "area": 804,
        "aspect_ratio": 5.583333333333333
      },
      {
        "x": 18,
        "y": 308,
        "width": 44,
        "height": 13,
        "area": 572,
        "aspect_ratio": 3.3846153846153846
      },
      {
        "x": 107,
        "y": 288,
        "width": 118,
        "height": 13,
        "area": 1534,