{
  "imagen_info": {
    "ancho": 243,
    "alto": 540,
    "resolucion_total": 131220,
    "canales": 3,
    "modo": "RGB",
    "formato": "JPEG",
    "brillo_promedio": 40.82880658436214,
    "desviacion_brillo": 37.11509698980526,
    "rango_dinamico": 255.0,
    "histogram": [
      3938.0,
      3164.0,
      136.0,
      93.0,
      74.0,
      57.0,
      63.0,
      70.0,
      68.0,
      74.0,
      73.0,
      74.0,
      124.0,
      106.0,
      120.0,
      161.0,
      157.0,
      169.0,
      161.0,
      185.0,
      426.0,
      223.0,
      248.0,
      302.0,
      421.0,
      1937.0,
      1917.0,
      437.0,
      718.0,
      1046.0,
      966.0,
      1866.0,
      3077.0,
      89110.0,
      2708.0,
      1170.0,
      969.0,
      715.0,
      278.0,
      180.0,
      140.0,
      104.0,
      73.0,
      50.0,
      53.0,
      51.0,
      24.0,
      41.0,
      34.0,
      37.0,
      47.0,
      41.0,
      42.0,
      37.0,
      47.0,
      41.0,
      229.0,
      42.0,
      36.0,
      37.0,
      43.0,
      30.0,
      34.0,
      34.0,
      38.0,
      36.0,
      41.0,
      40.0,
      36.0,
      36.0,
      27.0,
      34.0,
      35.0,
      39.0,
      37.0,
      37.0,
      49.0,
      26.0,
      36.0,
      40.0,
      40.0,
      61.0,
      245.0,
      55.0,
      61.0,
      80.0,
      71.0,
      48.0,
      36.0,
      49.0,
      39.0,
      30.0,
      30.0,
      17.0,
      19.0,
      38.0,
      29.0,
      34.0,
      39.0,
      44.0,
      47.0,
      35.0,
      38.0,
      31.0,
      43.0,
      23.0,
      48.0,
      39.0,
      37.0,
      38.0,
      44.0,
      39.0,
      53.0,
      63.0,
      84.0,
      305.0,
      209.0,
      3552.0,
      491.0,
      84.0,
      256.0,
      61.0,
      44.0,
      50.0,
      35.0,
      231.0,
      30.0,
      42.0,
      34.0,
      24.0,
      24.0,
      29.0,
      35.0,
      29.0,
      20.0,
      31.0,
      30.0,
      19.0,
      22.0,
      26.0,
      22.0,
      22.0,
      33.0,
      29.0,
      17.0,
      26.0,
      26.0,
      36.0,
      26.0,
      29.0,
      18.0,
      16.0,
      21.0,
      22.0,
      25.0,
      26.0,
      19.0,
      23.0,
      20.0,
      23.0,
      37.0,
      23.0,
      22.0,
      26.0,
      26.0,
      31.0,
      35.0,
      19.0,
      27.0,
      34.0,
      24.0,
      25.0,
      32.0,
      20.0,
      23.0,
      31.0,
      34.0,
      27.0,
      14.0,
      26.0,
      20.0,
      25.0,
      24.0,
      28.0,
      34.0,
      30.0,
      35.0,
      50.0,
      34.0,
      36.0,
      40.0,
      45.0,
      34.0,
      38.0,
      31.0,
      42.0,
      38.0,
      31.0,
      27.0,
      19.0,
      34.0,
      44.0,
      41.0,
      39.0,
      54.0,
      53.0,
      52.0,
      63.0,
      55.0,
      36.0,
      41.0,
      34.0,
      32.0,
      34.0,
      28.0,
      35.0,
      32.0,
      22.0,
      26.0,
      23.0,
      22.0,
      25.0,
      20.0,
      18.0,
      35.0,
      28.0,
      20.0,
      32.0,
      23.0,
      15.0,
      27.0,
      24.0,
      24.0,
      32.0,
      22.0,
      21.0,
      20.0,
      23.0,
      19.0,
      15.0,
      18.0,
      24.0,
      20.0,
      15.0,
      24.0,
      23.0,
      24.0,
      27.0,
      29.0,
      32.0,
      33.0,
      55.0,
      79.0,
      137.0,
      132.0,
      474.0
    ],
    "histogram_analysis": {
      "picos_principales": [
        [
          33,
          89110
        ],
        [
          117,
          3552
        ],
        [
          25,
          1937
        ]
      ],
      "rango_fondo_sugerido": 117,
      "rango_texto_sugerido": 33,
      "distribucion": {
        "oscuras": 0.9158436059951782,
        "medias": 0.05914494767785072,
        "claras": 0.02501143142580986
      },
      "requiere_inversion": true,
      "bimodal": 